Date,Open,High,Low,Close,Volume,MA10,MA20,MA50,MACD_ml,MACD_his,RSI14,OBV,ATR,StochasticMomentum
2024-03-22,131.99399019744297,134.25343353286286,130.52735680362377,132.45260947438598,1824845,134.89439757393419,136.57473867212673,141.07941978874177,-1.9702045578618481,-0.10369278841515683,34.40227997330534,-8640695,3.235776571315331,21.983180761049802
2024-03-25,133.09406101385375,133.9493501180369,128.1650655139238,133.40077741317558,1259214,134.60587670659615,136.40438889156155,140.92156677088485,-1.9545059400599314,-0.07039533649059182,35.10688334006488,-7381481,3.4682995875883904,40.817788416427256
2024-03-26,131.40632231917294,133.93744235469975,134.27581936606558,132.93061285234293,1839070,134.20606572693688,136.01030306450386,140.7538410338581,-1.9574388860643523,-0.05866262599601013,41.14677882084655,-9220551,3.432713408449956,37.15236947545921
2024-03-27,132.67450516630964,134.51227424348312,133.34370505429123,131.87676885173101,1970240,133.69400000369404,135.54987475988938,140.5331308752951,-2.021497110064587,-0.09817667999699564,44.29903592802023,-11190791,3.2254704347594765,28.936565728303894
2024-03-28,132.26097970082287,131.42133531011416,131.01012562785903,133.40012142941276,1501108,133.3644902773373,135.25638517705457,140.27596657402938,-1.927127169850138,-0.003045391826037358,46.89055811402222,-9689683,3.043901069666544,40.81267434465435
2024-03-29,136.02986314010792,136.81140467126184,130.86903479937513,135.76212047440467,1634421,133.5368848535532,134.983741055259,140.06940838865245,-1.6428074675762048,0.22501944835831678,48.57774657047586,-8055262,3.1259292884050223,59.22689940391719
2024-04-01,140.70845813612613,139.10459300889065,137.4456778365145,137.92468071263707,1368501,134.03950429527126,134.92630931037218,139.90946688631814,-1.2288164856213655,0.5112083442505251,52.49781689016278,-6686761,3.028526314806752,89.21422980291936
2024-04-02,134.93524005623658,139.05285420434708,132.09257798175426,136.5462456661918,1724226,134.4664079865368,134.76406945366261,139.65278817043463,-1.0004216004943203,0.5916825835020563,48.938214212618334,-8410987,3.4873870368932,76.61373085925405
2024-04-03,136.07926950948232,134.5273240906037,135.0349534769024,136.22782091448937,1150159,134.62004475738826,134.76687537175593,139.35304357035096,-0.8354803276617133,0.6052990850677307,48.90088803097942,-9561146,3.5131016620321396,73.70295841639556
2024-04-04,136.78288763966123,141.1806152683313,137.55212234137466,137.1903477772965,1172502,134.77121055660675,134.9356262378794,139.08532848296082,-0.6199489216838856,0.6566643928364468,58.054406874925945,-8388644,3.600875435683747,69.34230542445147
2024-04-05,138.8394693526448,140.86869888039823,140.4228228088166,139.4414380315412,1155576,135.47009341232229,135.18224549312822,138.83493279891215,-0.26444618820957544,0.8097337010486056,65.8199715689446,-7233068,3.7345572008090175,86.63769668122418
2024-04-08,139.543340650486,140.31625064924052,136.52426238607705,138.78308955585064,1924618,136.0083246265898,135.307100666593,138.58390685306213,-0.03542260091913363,0.831005830671238,65.70219053746692,-9157686,3.7894118144922646,81.57952788994727
2024-04-09,139.81810070735142,138.90901208785854,139.5416897380884,138.711771602523,1865291,136.5864405016078,135.39625311427233,138.34408373828842,0.13872632846940292,0.8041238080478197,60.9405060177949,-11022977,3.482737765859308,81.03158366420683
2024-04-10,137.57073980381227,138.8751463641046,135.63654796897688,136.79910165451093,1886089,137.0786737818858,135.38633689278993,138.0503287336918,0.12100921087289862,0.6291253523610523,52.90277450041446,-12909066,3.495952618252084,66.33631543426245
2024-04-11,133.98334932389835,135.80259650691582,130.5397583555814,134.7066884063496,1928479,137.20933047957948,135.2869103784584,137.7852566739183,-0.0611669006115676,0.35755939270126885,56.20434858532616,-14837545,3.575096212355074,50.26005828305936
2024-04-12,139.0655881295404,140.04970393935093,136.24530083688074,136.631740051138,1011023,137.29629243725282,135.416588645403,137.62168236034103,-0.049635040217566484,0.295273002476216,58.439371797992955,-13826522,3.543576992989947,57.25085625629609
2024-04-15,137.87397691993775,137.7612316121524,136.01620115899183,139.64422010827963,1545735,137.46824637681706,135.75387533604416,137.53484914907625,0.2002773340536237,0.43614830139792493,65.48018831654069,-12280787,3.605719028723558,85.56135870776752
2024-04-16,138.76757079608467,141.1512915249,141.2292868445718,139.80019986511897,1388043,137.79364179670978,136.13002489162326,137.48564877776167,0.4062380941101935,0.5136872491635958,69.05894179050284,-10892744,3.6059622676629846,87.02721581042668
2024-04-17,142.27699494529338,143.92429035765787,142.1750838635366,142.107265660903,1286103,138.38158627135115,136.5008155143697,137.4640198290589,0.7470133047115723,0.6835699678119798,70.18311926481059,-9606641,3.8386370725677637,86.42444355564345
2024-04-18,143.21993163014392,143.7577929222721,144.94482576342813,143.13053771099828,1066203,138.97560526472134,136.87340791066407,137.49317728437893,1.087117997301874,0.8189397283218252,68.2101368054635,-8540438,3.616864946184793,94.0696271895316
2024-04-19,142.62834228116677,142.33096655517394,140.9943046898413,142.14029820178803,1905588,139.24549128174598,137.35779234703415,137.55302209756815,1.2621995135845907,0.7952169956836335,61.05920489193841,-10446026,3.5307049809470072,86.67123993881091
2024-04-22,144.74322350788006,143.43717485486744,140.6029330533717,143.16308941280485,1160775,139.6834912674414,137.84590794701563,137.56869678422083,1.4665777837608687,0.7996762126879291,67.68862258140514,-9285251,3.2359882365829304,94.31283107444531
2024-04-23,146.41931162637118,147.88844108447245,145.38878837052442,146.5391625457368,1009337,140.4662303617628,138.5263354316853,137.65492398555165,1.8793064472523895,0.9699239009435598,73.69190301409397,-8275914,3.4293046720171816,92.22258796347296
2024-04-24,146.8812399277299,144.1475926655555,143.3134103475766,146.7675104675169,1570715,141.4630712430634,139.2708725124746,137.73701701713054,2.1994685511868965,1.0320688039024535,72.77333539663576,-6705199,3.3059445180399143,93.53881424617418
2024-04-25,149.60228172642064,153.12682770127137,150.69515626040317,150.1967977791449,1514723,143.01208218034293,140.1107063299612,137.93868572239052,2.6988040187163165,1.2251234171454985,74.21795993124626,-5190476,3.497442098800824,87.02784377520155
2024-04-26,145.84563608942608,145.29704383557373,143.8066220635873,145.25730757096542,1323673,143.87463893232567,140.58546568478923,138.05733993246793,2.6652322570829483,0.9532413244097042,62.22174116581588,-6514149,3.6830269168289766,65.15918019347829
2024-04-29,146.88263406906552,148.45671797444945,147.25605122694358,147.20111257971587,1364167,144.6303281794693,141.04928727814317,138.20443333913192,2.7636179458793038,0.8413016105648476,64.96764853525798,-5149982,3.857370504060853,73.7650111625206
2024-04-30,147.35614969512585,149.40941124976834,145.9518535453449,147.6752067161922,1346809,145.41782886457662,141.6057353306432,138.40104837162235,2.8470260041607958,0.7397677350770717,70.20049605694938,-3803173,3.8730104547248323,75.86397375576558
2024-05-01,147.92067516822425,147.32558124063456,145.36971992283563,147.37719201526048,1630075,145.94482150001238,142.16320388568175,138.57067518936034,2.8561562046869824,0.5991183484826066,75.21393655456004,-5433248,3.5905921328981925,66.39728140986645
2024-05-02,148.89563449541208,148.59863675433348,145.69592164836334,147.86071356833148,1687281,146.4178390857457,142.6967221752335,138.7679979857565,2.8693322269432144,0.48983549659107073,73.70535866256873,-3745967,3.416284959538822,69.22313674529933
2024-05-03,141.97746918745582,141.1150952578787,145.3267644156009,144.1855757391297,1295451,146.62236683947987,142.93392906061294,138.8974857755603,2.5537829904618548,0.13942900808776848,59.326268549947194,-5041418,3.7734698064882672,28.606458186382383
2024-05-06,144.4070103881281,146.5104791781208,144.8257241670278,144.04623196345466,1420571,146.71068109454484,143.19708618099313,139.04225495433985,2.2663391223333065,-0.11841188803262392,58.72574515294177,-6461989,3.826315285252477,27.49383484042986
2024-05-07,144.79025378780062,148.2205951071225,145.46903252286054,145.06045710647817,1127016,146.562810550619,143.5145204561909,139.12721750859947,2.0962134350967574,-0.23083006021533858,56.40949112440612,-5334973,3.8299061889045447,35.59215546302947
2024-05-08,149.2638621336226,145.91425809208368,147.7940066916944,148.3162451959612,1791267,146.7176840234634,144.09037763326342,139.27183571363827,2.1987565940001446,-0.10262952104956113,60.26053567579313,-3543706,3.8224768662396236,61.588765790864116
2024-05-09,147.32958215833938,147.76671900602136,146.40533195100102,147.5797047594139,1544447,146.45597472149032,144.7340284509166,139.43803154710434,2.195284258100145,-0.0848814855596487,60.87165498405048,-5088153,3.80638259651128,55.70768440799875
2024-05-10,147.56376998678982,144.80297879714587,143.84653930991416,146.2627175536275,1497562,146.55651571975653,145.2155773260411,139.53898583997062,2.06248747414881,-0.17414261560878685,56.12316818176343,-6585715,3.8705914285115637,30.053824266839086
2024-05-13,144.88279044597442,146.20372282348364,146.25540086513692,145.55920346645846,1702965,146.39232480843077,145.51132649395004,139.6687035970923,1.878819497157508,-0.28624847408007126,47.83559749959632,-8288680,3.5372802184027257,22.884924159842413
2024-05-14,145.4596777942367,149.98728037130454,149.89204629726612,147.6900077018626,1383934,146.39380490699781,145.90581688578723,139.82668289512188,1.8834877220295425,-0.22526419936642972,51.87953627757335,-6904746,3.6231605545945746,41.66630854767575
2024-05-15,149.69910296185364,151.62212771969524,143.3360235947684,148.64750992118198,1892048,146.52083669758994,146.23282909880118,140.07619904249307,1.9420628590455635,-0.13335124988032732,46.48986335163508,-5012698,3.7607881896783164,64.10112938884261
2024-05-16,147.04444455140242,151.13169589250157,149.15089555495274,147.88798951364788,1955592,146.5235642921216,146.47070168893364,140.35765222366948,1.9052347673996053,-0.1361434732210287,57.35287470070701,-6968290,3.4817889222327443,54.93493504608444
2024-05-17,147.63427244313107,152.83561202925904,146.54187693388351,149.2145243798746,1865184,147.0264591561961,146.82441299783798,140.65176165273567,1.9604892174911015,-0.06471121850362582,55.82870173552235,-5103106,3.7028121145107087,61.8816365113549
2024-05-20,149.7247328972146,150.26385392165955,148.64614572407334,149.70867947857067,1317428,147.5927039077077,147.15169250112626,140.920215520576,2.0208577635557106,-0.0034741379512133186,55.87994738517039,-3785678,3.5713942925937636,67.0834944876638
2024-05-21,151.7067907936063,150.65205220216959,150.44335817802371,151.94596945963647,1319187,148.28125514302351,147.42203284682125,141.22056045679,2.2235986142206627,0.159413370170991,61.878762198442615,-2466491,3.474100430468216,90.6349356526595
2024-05-22,151.66496824762675,151.61268267126582,149.84496428355357,150.84186327188175,1690907,148.53381695061557,147.6257504870395,141.49744920054445,2.269024159003692,0.1638711319632158,57.508644842292064,-4157398,3.4168354354762704,79.01226172979786
2024-05-23,151.37894979850142,152.75307398329338,150.25622274258046,150.4865389786862,1883439,148.8245003725428,147.64023754701654,141.77327560625855,2.2504111902567843,0.11620653057304642,69.05728873408232,-6040837,3.113352073351994,75.27184396700886
2024-05-24,150.0979431183113,148.5478031105802,148.07437810657498,150.0023226724219,1082844,149.19846088442225,147.87748830208938,142.0925585654621,2.1715557266048506,0.029880853536889962,67.64609862799497,-7123681,3.119584747146289,70.17460939096944
2024-05-27,146.49047683423967,151.69556668305415,147.25246718867226,147.37529277615766,1551820,149.38006981539218,147.88619731191147,142.38209469507612,1.8754636681829595,-0.21296896390800102,56.259928681574515,-8675501,3.1387802007687213,42.5204650627146
2024-05-28,148.5544745915111,151.0633104078075,144.93492783581326,148.26753333028682,1165421,149.43782237823459,147.9158136426162,142.7019011866111,1.6932857900543468,-0.3161174736292911,49.84896258475205,-7510080,3.3812682712528663,51.91287780019337
2024-05-29,149.25483825476718,149.67650953778394,146.9527618621343,149.0896438746466,1122402,149.48203577358106,148.00143623558552,142.98986499998458,1.5968385980215487,-0.33005173252967124,54.65704711447122,-6387678,3.4393278734449706,60.567047925868586
2024-05-30,149.96880746240117,148.97812692710903,147.20068256136852,149.39987078793152,1118012,149.63322390100944,148.07839409656552,143.26428862004096,1.5278244138929722,-0.3192527333265982,60.316477427166326,-5269666,3.307599006571997,63.8327358598695
2024-05-31,148.3558898074365,148.89245435895592,149.2449426412944,149.23069652118122,1438661,149.6348411151401,148.3306501356681,143.59985036097686,1.4428469843774963,-0.3233841302736593,62.513408423417054,-6708327,3.339629127917121,62.05187695301335
2024-06-03,146.29958216391285,147.8483674646807,146.1726645112584,146.6999550370804,1398929,149.33396867099106,148.46333628934937,143.86583391345496,1.157944013981222,-0.4866296805359469,46.71519140285318,-8107256,3.2417687782797446,35.41133877019775
2024-06-04,146.6680425078858,146.699859186089,147.5344900088338,146.15866439154968,1580466,148.75523816418237,148.51824665360294,144.1303949442391,0.8783536123009981,-0.6129760657729368,41.50794291847604,-9687722,2.7095138387673563,15.488994696834041
2024-06-05,147.02056241372787,148.6742408690614,145.47926747194728,145.77323535849615,1573695,148.2483753728438,148.39109616172968,144.4083242743744,0.6185450999455213,-0.6982276625027308,42.59533120185379,-11261417,2.7602843691812518,10.61056868186601
2024-06-06,145.4346028280125,144.78272916344764,145.5418326527655,144.4686808200529,1463556,147.64658955698047,148.23554496476166,144.62969546218721,0.3038754464585054,-0.8103178527917976,33.35713189419468,-12724973,2.381482304872179,-5.96365182954064
2024-06-07,144.52816426787368,146.45711301794387,140.81997236554346,144.44610939672089,1575278,147.0909682294104,148.1447145569163,144.80337524063353,0.05207585572330231,-0.8496939548216006,30.9137775386382,-14300251,2.668584623073193,30.387213210216174
2024-06-10,145.06681608642882,146.49636134200023,144.45313947916196,145.55421111034997,1993176,146.9088600628296,148.1444649391109,144.9559658485878,-0.05740090465693015,-0.7673365721614664,24.750340254516914,-12307075,2.7476474246217952,39.67316207015746
2024-06-11,150.03040347145034,151.16592162756518,148.28558844269017,149.62658291277103,1129473,147.04476502107804,148.2412936996563,145.21757259351938,0.18234241437966148,-0.4220746024998999,46.111198235065444,-11177602,2.9984120918455313,73.79984541594916
2024-06-12,149.1843481011412,150.81562566724193,149.72603159313473,150.2757385384347,1983049,147.16337448745685,148.32270513051895,145.49853094599828,0.4198820172176454,-0.1476279997295329,49.337905614650836,-9194553,2.904997199971102,86.94482247895725
2024-06-13,150.2738378806193,153.50627040237947,149.6956814757774,151.09083931988022,1478007,147.3324713406517,148.48284762083057,145.77654077684994,0.6662258479641991,0.07897266481361664,53.349261495645216,-7716546,3.004884918149019,80.96031580303573
2024-06-14,152.75171880080754,153.68702764892805,145.31219221663252,151.2419474883479,1844573,147.53359643736837,148.58421877625423,146.0125509659861,0.8636921692763053,0.22115118890057817,64.03588234496338,-5871973,3.285723199428564,80.99736026052896
2024-06-17,148.10643953779672,149.6242631093941,147.3046856265348,147.7044050577498,1417009,147.63404143943532,148.4840050552132,146.19097727602409,0.7263624873018841,0.06705720554092554,48.28518227243942,-7288982,3.1292145772727684,53.50433755496721
2024-06-18,147.60385057307843,150.1664059611504,148.25220337627138,147.95137730685138,1318714,147.8133127309655,148.28427544757392,146.37576939011063,0.6301918618963782,-0.023290735891664305,46.407971226628035,-5970268,3.1105183792549798,55.423753020761524
2024-06-19,149.2009764113187,147.48310017164732,146.31245146092255,148.37183772673342,1226156,148.07317296778922,148.16077417031653,146.60722411155507,0.5812038343254642,-0.05782301077006269,46.778249808588384,-4744112,3.0926587030157475,58.69148142187425
2024-06-20,154.8852969155536,155.24481347752197,157.649759218909,153.598321951704,1168964,148.9861370809543,148.3163633189674,146.98505678246218,0.9531270120458544,0.2512801335602619,60.39322628383272,-3575148,3.7191233503871746,88.58572158239785
2024-06-21,153.06896246389613,157.01200355711683,152.3856864483199,153.51360002214176,1525303,149.8928861434964,148.4919271864534,147.32269398188225,1.226899524288541,0.4200421166423588,68.34992598250675,-5100451,3.831143714592469,78.39428856340331
2024-06-24,153.98928676435952,156.39950384084798,154.1601205133948,154.41669470680898,1061813,150.77913450314233,148.84399728298598,147.61814347385285,1.499453638078478,0.5540769843458366,71.81470492784972,-4038638,3.9776700608033844,83.97169064460243
2024-06-25,154.0946253940515,153.58583616179544,155.63189769947067,154.6472711673985,1027712,151.28120332860507,149.16298417484157,147.9150848998984,1.714298958979981,0.6151378441978719,73.6353341295609,-3010926,3.836257889056782,85.39570260370427
2024-06-26,153.5737654108748,153.51038207286126,150.59439975153643,152.60991509215944,1624785,151.51462098397752,149.33899773571721,148.12513788852357,1.700564763268602,0.4811229187891941,70.8689472351421,-4635711,4.0549982619720355,72.81324119948388
2024-06-27,156.16911816870962,156.9455165978689,154.08758388429789,155.19556072118948,1925919,151.92509312410849,149.6287822323801,148.3664383487274,1.8766870274826601,0.5257961464026017,74.35452723826229,-2709792,3.9620311800655394,85.5365674423069
2024-06-28,158.38533010785412,156.48462775276641,159.60424460155144,156.99942678656302,1767214,152.50084105392997,150.0172187456492,148.6636209204229,2.137185957338488,0.6290360610067438,75.1383458936046,-942578,4.130490604000012,99.89250450124536
2024-07-01,159.89009363049794,157.1649482872024,159.17454972303398,158.8814906806491,1112816,153.6185496162199,150.6262955278276,148.97798894577977,2.4670613160718062,0.7671291357920493,72.49159348003916,170238,3.8850200625182794,114.48222154599836
2024-07-02,155.73049769163111,157.73052003418658,162.1392581814451,157.36271577105964,1128778,154.55968346264075,151.18649809680312,149.1944600102862,2.5762401790885576,0.7010463990470406,66.52456144735663,-958540,4.032786115827213,97.03821425452284
2024-07-03,160.74926871385003,159.98663957699642,158.88176576466483,160.46830439293183,1586580,155.76933012926057,151.9212515485249,149.46847588879453,2.8801595751730815,0.8039726361052515,69.75512766683708,628040,3.9480243214939787,103.28233700463838
2024-07-04,156.9062168645002,158.93602420456733,156.39800343046696,157.96460226734726,1285977,156.2059581608249,152.5960476208896,149.62383197855857,2.8857252051052455,0.6476306128299325,62.88514104522129,-657937,3.6405575736489317,85.21274321747644
2024-07-05,158.9254020799764,157.25550715995524,160.02488024261518,159.43831645494782,1135230,156.79842980410552,153.34565797380097,149.9074521562382,2.9747612297882995,0.5893333100103888,74.42222221613838,477293,3.506487296038561,95.99008645051437
2024-07-08,164.28982191014862,166.24862983164007,162.0390022832015,164.11922770656776,1718040,157.7686831040814,154.27390880361185,150.24581445877527,3.384024411879551,0.7988771936813119,78.4075496912512,2195333,3.8170810441308225,89.31890513078471
2024-07-09,163.27372045465629,162.16894498571966,164.00315229854942,162.43815505630639,1806741,158.54777149297217,154.9144874107886,150.54107342557754,3.532005161794814,0.7574863548772597,73.66666592556366,388592,3.839320820910769,75.65849769784104
2024-07-10,160.71471625464974,164.59706407046355,162.53859364897082,161.60555959710084,1269114,159.44733594346633,155.48097846372193,150.82564077721435,3.541275853309827,0.6134056371138183,65.80978037118946,-880522,3.3308199296237393,70.33983651204585
2024-07-11,159.78014266582372,162.55106464768338,160.27048139851098,162.10486232727612,1334618,160.13826610407497,156.03167961409173,151.11052375239325,3.5480132128490993,0.49611439732247264,66.68966880948236,454096,3.163267511079129,73.52940717518499
2024-07-12,161.57844186084915,162.34713292627475,161.7752445289696,161.39791101904373,1832972,160.57811452732307,156.5394777906265,151.45477045799151,3.4564635957305825,0.3236518241631643,63.66608550969642,-1378876,2.997980695264766,69.01336707219123
2024-07-15,161.24015574031,159.2505143995176,157.72189806931635,158.59658415691146,1151456,160.5496238749493,157.08408674558459,151.74577750186066,3.1218791192912363,-0.008746121820945696,57.024029785815664,-2530332,3.1737528350551725,51.1183518092386
2024-07-16,158.83086388685336,158.65739072632297,159.1610081613762,159.03371010652353,1804449,160.71672330849566,157.6382033855682,152.02524256186155,2.8590337605765512,-0.21727318442850496,62.11458873683155,-725883,2.9245780199553644,40.67188170855177
2024-07-17,157.25601811402157,163.15366160361665,157.0309649916697,157.20910267907132,1862312,160.39080313710963,158.0800666331851,152.20309971152375,2.474966476652014,-0.4810723746824337,53.90954673416723,-2588195,3.0522276704009,8.233986505749218
2024-07-18,160.23845115887775,158.46455518432708,158.19073597225164,158.45628754034166,1105570,160.43997166440906,158.32296491261698,152.42063136714233,2.245344844542956,-0.5685552054331935,52.89117927248783,-1482625,2.826996857893314,20.8949565849902
2024-07-19,157.50771369093587,159.96448211680539,157.33095258631042,156.91743907187407,1270846,160.18788392610168,158.4931568651036,152.63372579750725,1.9170967382031847,-0.7174426494183721,46.04845728214689,-2753471,2.8597401860378864,5.273122949270047
2024-07-22,160.53416891889208,159.13004998978235,158.71240845318889,160.31730788190913,1917888,159.8076919436358,158.78818752385862,152.92888788581627,1.9092896455670996,-0.5801997936435659,55.52615516601622,-835583,2.7850861444030506,39.78736266939757
2024-07-23,159.49291796255014,160.79506407942299,159.30665827074455,159.05080129723666,1000404,159.46895656772887,159.0083640303505,153.15610375772377,1.780382826683848,-0.567285290021454,47.152889997414746,-1835987,2.7039777160274547,26.930245435496158
2024-07-24,158.95692219739897,160.664422592689,157.6753048372341,158.7066782648253,1958447,159.1790684345013,159.31320218898378,153.3572871245966,1.6316467827888346,-0.5728170671331743,51.63207404508753,-3794434,2.62675034409817,18.179368660588086
2024-07-25,159.49395827140796,161.58535874536838,161.09117606231345,160.63371269956465,1703286,159.03195347173013,159.58510978790258,153.61220158831495,1.6502449735877747,-0.4433751010673874,52.577678276629655,-2091148,2.6852076659035373,39.08525391672344
2024-07-26,157.13053890889705,158.3299746274176,160.54058131946567,158.47198406669676,1946693,158.73936077649546,159.65873765190926,153.79735078205138,1.4735644062232325,-0.4960445347455438,36.33837839446542,-4037841,2.363309429864594,19.045733607506378
2024-07-29,161.11373204802925,159.70026013067707,156.40203343738668,159.226903935905,1274907,158.80239275439482,159.67600831467206,153.98771527119806,1.3785682315442784,-0.47283256753959835,41.86700716168635,-2762934,2.4595911421819006,34.470530068753504
2024-07-30,162.32507279637503,162.33461044052362,160.14213547427903,162.14118944446986,1673744,159.11314068818945,159.91493199834255,154.19161967089474,1.5209094659514903,-0.2643930665059093,51.227168223777234,-1089190,2.5273623915005765,85.00402963227539
2024-07-31,159.3263184179271,165.03027553901833,153.64885883775207,159.2262229753474,1715460,159.31485271781705,159.85282792746335,154.35930686496405,1.38256513678553,-0.32218991653749596,44.06208471510166,-2804650,3.1774219237929953,49.00412913424758
2024-08-01,159.8052630283558,160.85028451352238,160.98343637240853,159.895490692412,1884574,159.4587730330241,159.94937234871657,154.54748589923858,1.311808854762802,-0.31435695884817916,46.896055927092384,-920076,3.2620879952041366,54.88448423090385
2024-08-02,161.49632954852532,162.76503383823677,160.13317725557295,160.71525628090887,1665220,159.83855475392755,160.01321934001464,154.76174457140831,1.3068180385309347,-0.2554782200640373,54.76743892584399,745144,3.2044830092110925,62.08715161418012
2024-08-05,165.117593126201,167.14215220531423,161.8359169861751,162.5789020244635,1235365,160.064714168183,159.9362030559094,155.06581675637443,1.4366822385356386,-0.10049121604746691,57.4961494283449,1980509,3.6232310034925654,66.18134612102357
2024-08-06,160.92895326981514,159.65236326675898,157.42626172614308,160.40500060270733,1342786,160.20013409873008,159.83454533322947,155.30856610182283,1.3486386095839862,-0.1508278759992956,56.65921743033003,637723,3.553941266804955,50.07036889301618
2024-08-07,157.4760005502242,159.13940784287465,158.07830316480397,158.06408737653877,1050612,160.1358750099014,159.65747172220136,155.4880549718607,1.0775499408296696,-0.33753323580288974,49.218406363435584,-412889,3.6304587619940696,32.72165229432342
2024-08-08,159.27456964988104,159.8695982444098,160.75005421612428,159.40797050777257,1810006,160.0133007907222,159.5226271312262,155.6882169662575,0.9600831146296684,-0.3640000496023128,55.002109683707396,1397117,3.634204284071966,42.68128997969755
2024-08-09,161.37293632144417,161.1296629632722,156.8863212373169,160.30193985423892,1809956,160.1962963694764,159.46782857298595,155.90964183291865,0.9284233768448757,-0.31652782990968453,49.965679344872605,3207073,3.7792564846467536,49.30657649881711
2024-08-12,160.5201249535177,161.7449016206957,160.73622561345314,161.1029255549307,1200244,160.383898531379,159.5931456428869,156.19770124327567,0.9569347108083264,-0.23041319675698713,54.68021656097135,4407317,3.7760104816309217,55.242752930119906
2024-08-13,162.94806846295492,161.6320678026642,159.33853495447255,162.09582197392464,1797348,160.37936178432446,159.74625123625697,156.51644439492316,1.0475728239950968,-0.11182006685617352,57.50735244475048,6204665,3.726325845397834,62.60119680254671
2024-08-14,158.71503515678955,162.42659310076093,158.51137572918324,161.03577253076767,1004809,160.5603167398665,159.93758472884178,156.8216951383686,1.0220850901545475,-0.10984624055737813,50.92618409514453,5199856,3.8003641947574494,54.74507588172448
2024-08-15,161.5704003536433,160.6750143702575,160.86006087289428,161.80027992508968,1163273,160.75079566313426,160.1047843480792,157.16832712046934,1.0514547194259194,-0.06438128902880491,58.1945609929466,6363129,3.661579915354817,60.41090833268032
2024-08-16,163.3145648851677,165.66419034630505,162.03505228175652,162.68642487168702,1708690,160.9479125222121,160.39323363806983,157.53313342996864,1.1331723481343374,0.013869071743690453,58.46296321912898,8071819,3.701985895920887,66.97820752686839
2024-08-19,162.82784758221,163.8043416489435,161.34085164829392,161.5577220356343,1144528,160.84579452332918,160.45525434575606,157.85320364847433,1.0942435136408903,-0.020047810199805394,48.436046013435394,6927291,3.65597043135167,58.61329019122279
2024-08-20,164.77079684088142,165.60234542519578,164.6196573154638,165.5892710579238,1506964,161.3642215688508,160.78217783379046,158.1724574113774,1.3728787531960052,0.20686994348424737,66.09253795538373,8434255,3.1319137662299,84.8585536146599
2024-08-21,165.3341718821168,166.9469702569997,164.11073644740614,166.8369368997474,1449613,162.2415065211717,161.18869076553656,158.50368137860363,1.6750662729564567,0.40724597059575895,67.05634046096768,9883868,3.2089866528393594,97.02398268341943
2024-08-22,164.49359474045028,166.30535103003862,165.34721026746126,164.7543299053421,1907720,162.7761424609286,161.3947216258254,158.77695119031287,1.7265999111301369,0.3670236870155512,59.34476617812581,7976148,3.110428330443743,76.71741756057429
2024-08-23,165.24201811486284,165.7703464913974,165.1497458621915,166.36743712260974,1038765,163.3826921877657,161.78949427862105,159.0794609829981,1.8759798340268503,0.41312288792981167,58.867927164076846,9014913,2.7239369491330234,94.23960488775484
2024-08-26,164.56903711542557,169.34203403042486,165.95533663855272,164.7180737821551,1952320,163.74420701048814,162.06405277093359,159.41973435748622,1.8400635546187232,0.3017652868173477,60.34987948113059,7062593,2.597798170101003,62.87679135610526
2024-08-27,166.58558953500875,168.30809444702354,167.58045545572438,166.59224298964,1831538,164.1938491120597,162.2866054481921,159.792551671142,1.9404610097579678,0.32173019356527366,70.93353635082936,8894131,2.688035543455651,77.92345499242417
2024-08-28,167.8902891024529,170.9959604504222,168.2713121419661,169.20943414765483,1316076,165.0112152737484,162.78576600680745,160.20930359956046,2.2057852506373763,0.46964354755574567,72.64359120881437,10210207,2.81073201639827,87.33825666422428
2024-08-29,168.67250862106226,170.23095967166597,170.78838552753905,167.8680695109514,1934604,165.61799423233455,163.18439494773443,160.49469855074537,2.281519767479523,0.4363024515183138,67.12545373688005,8275603,2.6204184202503353,74.94597530224941
2024-08-30,169.9376078760756,169.93589522129992,164.97370453620795,170.09482176944005,1843523,166.35883392210985,163.65337322216095,160.82632298569135,2.492488360924966,0.5178168359710056,69.11861956814272,10119126,2.8717919144385626,92.7819891401825
2024-09-02,172.3008434923184,174.39840358688258,172.60650353313352,171.22038362331304,1546237,167.32510008087775,164.08544730210343,161.16239676402142,2.719161129193452,0.5955916833915933,69.29185892165762,11665363,3.0153668408136247,79.99613274405273
2024-09-03,171.3195987030059,174.39357067573295,172.2446809686151,173.164503943302,1201152,168.08262336941556,164.7234224691332,161.53274141953952,3.020852683942053,0.7178265905121552,74.71941220971054,12866515,2.962364675159498,90.88588854893102
2024-09-04,176.24089773806452,180.15838085060759,173.9216544649762,177.25808990860992,1299888,169.12473867030184,165.68312259573673,162.0257049158685,3.549348905733268,0.9970582498426963,77.74006430211809,14166403,3.4361588713591686,84.58729139827204
2024-09-05,177.5839829852523,177.6714074234675,177.79312435410517,177.0673136766042,1700903,170.35603704742803,166.56608975417834,162.4631399749768,3.9077458597887755,1.084364163118563,76.46803939722346,12465500,3.1983820159505894,83.57346949873023
2024-09-06,175.06073077706392,179.49439780135157,179.46523532697861,175.8598413478892,1894751,171.30527746995597,167.34398482886084,162.8403482662033,4.04768589888306,0.979443361770278,76.24696083773264,10570749,3.195781596243289,73.21389111874353
2024-09-09,174.21627683058847,176.18349974268773,174.2707040088875,174.38081248863816,1092193,172.27155134060428,168.0078791755462,163.1503347023631,3.993212847875583,0.7399762486102408,67.8018560893797,9478556,3.0435081922603433,63.99740537111587
2024-09-10,173.04989103626443,178.41420596706143,173.7988326788595,173.04919191870727,1036187,172.917246233511,168.55554767278534,163.46406422531606,3.798801690107382,0.4364520726736316,62.53647529876746,8442369,3.1705895835895137,53.18182103652303
2024-09-11,173.35324448083242,173.4559452662346,176.74773551706306,173.19498849987906,1505950,173.3158016687334,169.16350847124093,163.71859790745498,3.614824565110638,0.20197995814150982,68.47787136637908,9948319,3.328362224023061,54.141977039542574
2024-09-12,173.49972623677868,175.58639124169386,172.607512664368,174.17729244951238,1138311,173.94672396258952,169.78235909746203,164.0428517110983,3.507848790054169,0.07600334646803253,67.58255119440446,11086630,3.46856665197096,60.61102471164739
2024-09-13,175.17996061164487,173.96752155443207,173.61648632370648,175.0306740481724,1910886,174.44030919046276,170.3995715562863,164.3546988629628,3.4521364010562365,0.01623276597607992,74.08009105446541,12997516,3.2667172758233716,66.23104308405578
2024-09-16,176.20249684100997,176.92644407115202,173.70038763716775,176.98504054624445,1800921,175.0167748827559,171.17093748181682,164.61201511975634,3.525050387857874,0.07131740222217342,74.17680511244227,14798437,3.240719830760217,79.10169279437417
2024-09-17,177.98532479874706,179.54841742569607,178.55268906104104,177.31104433000027,1508153,175.43142892142572,171.75702614542064,164.90947290523022,3.5680112162458215,0.0914225844880967,71.09559686636852,16306590,3.1092669320937483,81.24861892573118
2024-09-18,180.40326846483185,183.77676135939387,182.7163854572089,180.51811248431488,1189089,175.75743117899623,172.44108492464903,165.2877239629745,3.8168433850849226,0.27220380266175814,80.02216548901093,17495679,3.4583216213444183,82.66957917682421
2024-09-19,180.44383544143452,187.21881952128044,180.10224498393217,180.288798817839,1586165,176.07957969311968,173.21780837027387,165.65140269278575,3.9500077447119395,0.32429452983102003,76.7272234296642,15909514,3.6122061822198686,53.72007091380937
2024-09-20,188.59906399070857,186.8358793377718,185.20582246903643,186.02913715101823,1436341,177.0965092734326,174.2008933716943,166.14402721542524,4.467243189861819,0.6732239799847193,81.26164859291568,17345855,3.772456089540601,92.05508640061002
2024-09-23,186.4733673919482,186.71404503125703,184.73777264057523,187.58047184654822,1312066,178.41647520922362,175.34401327491395,166.72370496921798,4.945329076276636,0.9210478931196286,80.94565892117761,18657921,3.6869621851307364,102.4751538572793
2024-09-24,187.55473900275595,188.67280825447014,182.34502072370535,186.16615673371567,1618362,179.72817169072445,176.3227089621177,167.26635390176182,5.150717906190209,0.9011493784265614,71.60775915522515,17039559,3.6393843725206807,84.39710301814289
2024-09-25,181.6650203805441,183.06871729659085,180.89541346977876,184.32437173759345,1687409,180.84111001449588,177.07845584161467,167.80865928293227,5.106014421033649,0.6851567146160011,66.2976463189282,15352150,3.9776492881236556,72.93273259437713
2024-09-26,183.51093991316088,187.7178713441333,184.0362292342945,185.58931656807982,1561419,181.98231242635262,177.96451819447108,168.351319863487,5.113709404371036,0.5542813583627106,71.79385548048373,16913569,4.067260572773043,80.80650512095116
2024-09-27,184.20175091974053,185.43787956503985,182.8433924904198,185.4423909974281,1960448,183.02348412127822,178.7318966558705,168.9218189019981,5.0497417884794515,0.39225099397690055,76.35026885302295,14953121,4.126769740191599,79.89195256990915
2024-09-30,185.99286362033737,188.59358192637308,187.45137885515067,187.1703919856123,1640053,184.042019265215,179.52939707398545,169.45888058407218,5.07992402820895,0.3379465869651188,83.01524385027186,16593174,4.022185285958959,90.64806333359043
2024-10-01,188.62056903289823,191.59895943908873,187.0800768498089,188.4168672347594,1860395,185.1526015556909,180.29201523855832,170.04620190282262,5.145114133020627,0.3225093534214363,83.84661872051518,18453569,4.080780928167818,83.2446035203333
2024-10-02,188.86105167361413,189.34974255128427,189.95378968802126,188.57120940944566,1631172,185.95791124820397,180.8576712136001,170.64349252571503,5.14986741844038,0.2618101110729505,83.22910951346657,20084741,3.977784062163246,83.16277182667868
2024-10-03,186.92280070493646,190.04338014196605,186.05225117953506,187.17762197330882,1125917,186.64679356375098,181.36318662843536,171.17437071118988,4.983734186545348,0.07654150334233467,77.3594678279823,18958824,4.222807121922181,75.2978197662375
2024-10-04,184.29804955717464,187.1942446211754,183.27063412914106,184.4479275239371,1810717,186.48867260104288,181.79259093723772,171.69388958033468,4.5790247275717775,-0.26253436450498935,66.24193634485945,17148107,4.2726324117829,45.187155348364406
2024-10-07,184.38266238073473,181.12623456318488,179.41064040843312,183.85489761980307,1299770,186.11611517836835,182.26629519379597,172.18644945401266,4.162454820324541,-0.5432834174017813,64.0781581505584,15848337,4.449340285786639,36.46324977375399
2024-10-08,186.70091908607077,185.06449371637888,185.32566093143052,185.86769520845002,1698168,186.08626902584177,182.90722035828313,172.6609795692923,3.949212053110415,-0.6052209476927262,62.132286959834374,17546505,4.092557877374771,52.977402246990316
2024-10-09,185.26934368060066,184.47226897391948,185.41579702140385,186.59588269671042,1481680,186.31342012175347,183.57726506812466,173.20837276371952,3.7952252738367918,-0.60736618157308,63.987295597467124,19028185,3.683904427173504,58.951872446112056
2024-10-10,184.04251416805343,189.4078793443467,182.93048230786235,184.40440513928644,1971375,186.19492897887415,184.08862070261338,173.69855105265702,3.456511208299844,-0.7568641976880226,45.72369125481614,17056810,3.678927035498615,40.97172643982475
2024-10-11,184.9811771680758,185.83998314011413,184.9604076227657,185.0507669909888,1281342,186.15576657823019,184.58962534975421,174.18526126685865,3.203308128504432,-0.8080538219867481,43.00874605674537,18338152,3.640306007651893,46.27485191657546
2024-10-14,186.6067177470069,190.68306017637974,186.72638721686977,186.12140175044647,1937262,186.05086755471362,185.0464434099643,174.65611126137827,3.053831472684095,-0.7660243822456678,49.873917117928464,20275414,3.59062784012519,55.05895706483137
2024-10-15,183.88101973577074,182.38778231696023,181.0560642283501,184.6536868780442,1539542,185.6745495190421,185.4135755373665,175.14108498688503,2.7848359665057387,-0.8280159107392198,50.947714442497194,18735872,3.5759560014222944,43.016977619505674
2024-10-16,185.17191591434158,185.1156002408382,186.22297197585587,185.26113708993526,1044238,185.34354228709108,185.6507267676475,175.685025981153,2.5908060459014166,-0.8176366650748337,49.01840709439503,19780110,3.425073357706071,48.00084955757381
2024-10-17,185.70753816135442,188.27855101035922,187.33339067020182,185.67755452682727,1001252,185.1935355424429,185.92016455309692,176.21041766153405,2.4424819316084836,-0.7727686234942137,50.692220459217346,20781362,3.4444654893320665,51.41737841479068
2024-10-18,182.9871438277065,185.05016314001938,181.33108317257506,183.69161393116602,1826196,185.1179041831658,185.80328839210432,176.6782111430726,2.1400164164076045,-0.8601873109560745,39.91314208816302,18955166,3.529842662568297,35.12357620411435
2024-10-21,183.9788735019147,186.77290843748952,181.39155896781457,184.7071886518626,1864141,185.20313328637172,185.65962423237005,177.15029640501126,1.959668866076072,-0.832427889030086,39.097653042930276,20819307,3.591447439739377,46.986790347271544
2024-10-22,186.2275034822364,184.62114123701255,186.03157701980032,186.12875770459905,1954945,185.22923953598666,185.65775428091422,177.6309551196247,1.9094400389283521,-0.7061253729422448,43.31949341984703,22774252,3.576266433644796,59.59782756909966
2024-10-23,188.46451504496238,192.34846717670746,188.46696716624936,188.5948601909496,1485450,185.42913728541058,185.87127870358202,178.18213687282835,2.0450530930493755,-0.45640985505697707,53.66155543394432,24259702,3.735450755764611,70.98734545617563
2024-10-24,191.50294181444005,193.556496486534,189.43737724280584,191.00246429501942,1315826,186.08894320098386,186.14193608992898,178.76618056022696,2.320056775171963,-0.14512493834751172,67.22080832483113,25575528,3.809595456018189,81.94501501066122
2024-10-25,187.4938668384602,190.35037657008814,188.96283091259158,188.5471255591052,1321638,186.4385790577955,186.29717281801285,179.2833945739753,2.313208629523615,-0.12157846719668797,61.229094469138886,24253890,3.5954773322270364,59.92641835125977
2024-10-28,186.6207939513962,186.60025491711136,187.53490052049892,186.97147547927497,1605605,186.52358643067836,186.287226992696,179.79166964284815,2.1557890374818953,-0.22319844739072625,52.69793450230116,22648285,3.629484998681779,47.321653593635666
2024-10-29,188.07232996213872,189.9491462689042,185.54236083771957,188.3015460136923,1327359,186.88837234424318,186.2814609316426,180.24591514196348,2.1139896956080975,-0.21199823141161955,54.049935499033204,23975644,3.844582084157072,57.961849924018935
2024-10-30,190.4429818236403,190.0461379575297,187.41485571394946,189.6291179155167,1602875,187.32517042680132,186.3343563569462,180.70175876227887,2.163053044478062,-0.13034790603332436,62.936298927701735,25578519,3.5698595989496362,68.58205788486967
2024-10-31,190.0187995135609,188.6582308680533,187.33689551549259,190.9592132881288,1006949,187.85333630293147,186.52343592268718,181.22585642993462,2.2829472871973167,-0.008362930651255596,64.15011330839374,26585468,3.6310484846065236,79.22245291394002
2024-11-01,199.19932827459334,199.86383056599527,200.46985429416924,198.96467626943826,1763185,189.38064253675867,187.24927335996227,181.87780121287116,2.9894774612020854,0.5585337946828104,73.08898043400961,28348653,3.9080733289386296,95.21923932690885
2024-11-04,200.6592127983625,201.09299649437955,200.41138226464582,200.4064572908246,1317537,190.9505694006549,188.0768513435133,182.59156888304457,3.6239724942657006,0.9544230621971401,78.3459541948792,29666190,3.698286379141838,96.52594770366967
2024-11-05,204.62398581386574,206.102391590936,201.41522944664686,202.97758857118578,1728913,192.63545248731356,188.9323460116501,183.3192757946755,4.28488964516464,1.2922721704768634,79.77523810313764,31395103,3.9930470364489627,87.38539375080377
2024-11-06,204.17850273386594,201.7167392135438,206.03683379772093,205.1855920981722,1662301,194.29452567803582,189.8618314817232,184.03879895368584,4.930008610042648,1.5499129082838974,80.92400866597927,33057404,3.9960349868854763,96.29894603353188
2024-11-07,206.13114128266628,208.2587742584932,204.5049997264745,206.78837460078378,1550222,195.87311670861226,190.98102995479806,184.81720505548248,5.507118555838645,1.7016182832639144,87.06305502816168,34607626,3.953699499583083,94.52716017718609
2024-11-08,205.5204804292798,205.14670001529166,203.00858193705042,206.4578361115031,1940890,197.66418776385206,192.05138341082377,185.54446534232375,5.870143294216689,1.651714417313567,85.68756986910566,32666736,3.83930258487297,92.07208411983216
2024-11-11,206.60599538042123,209.9142212368807,208.44249049694432,208.27577455248962,1780722,199.7946176711735,193.15910205092592,186.2855731609073,6.232688895996517,1.6114080152747166,85.87134039197312,34447458,3.991588067547247,93.2773015372783
2024-11-12,208.79481105767724,208.7786842345691,205.95294024296044,207.0301241234145,1455102,201.66747548214576,194.27792391319446,186.96288556450952,6.3463386763137635,1.3800462364735697,81.08853382000983,32992356,3.7491619617972662,88.1662824822127
2024-11-13,205.61498567898533,207.68279735567407,202.94524952977224,206.85648690993446,1337889,203.3902123815875,195.35769140419444,187.554853504536,6.349206177466328,1.1063309901009077,78.91418066192752,31654467,3.7331556425342245,87.45383291686879
2024-11-14,205.3694544052214,208.80034606389842,201.58721666423824,206.18575981427625,1476467,204.9128670342023,196.38310166856687,188.1372224272895,6.225591873844252,0.7861733491830645,84.40873572228969,30178000,4.102691072336534,84.70177753548602
2024-11-15,207.96527460133106,205.1579759748495,204.1579055909281,206.6495080930489,1356600,205.68135021656332,197.530996376661,188.75301576219263,6.094790309212328,0.5242974276409127,90.12790280554425,31534600,4.108475613861842,86.60457966539073
2024-11-18,209.82571817945768,214.79426612695931,209.39196688000868,211.5788252263959,1315557,206.79858701012046,198.87457820538768,189.4969760169478,6.316076030645604,0.5964665192593506,91.39156397918636,32850157,4.375473656913684,88.28933423355339
2024-11-19,208.9006464104998,207.72813710882414,208.85176791058225,208.14429484121243,1974304,207.31525763712312,199.97535506221834,190.19887807539791,6.143490328327772,0.33910465355321495,80.62856259070261,30875853,4.462574076484507,75.78074251957058
2024-11-20,208.4037908766197,207.70501792098167,208.09839642104578,209.81681522196146,1883671,207.77837994950204,201.03645281376893,190.93131460983957,6.071682753428206,0.21383766292291906,80.84556451108878,32759524,4.330220827927838,65.39323439828411
2024-11-21,208.13807821611172,207.34659153858252,204.77774179803214,206.89138347958215,1304462,207.7886808373819,201.83089877299707,191.58559643044097,5.712862517252404,-0.11598605860230649,65.5500406049957,31455062,4.01082314349133,45.05356002988689
2024-11-22,204.07764206096243,203.05720470264333,205.6682600651254,206.2475197480033,1250875,207.76764920103193,202.71591848244196,192.2099333444376,5.315269356279259,-0.4108633756603606,61.82888796013124,30204187,4.132670182919725,36.118372471967724
2024-11-25,206.97195152568736,210.2337687264304,208.91497345104935,208.725420941938,1463389,207.81261383997676,203.80361575557512,192.84474095235143,5.140859204534081,-0.46821882192443187,61.684205465779975,31667576,4.010549802799417,54.04844055327005
2024-11-26,208.60905874517005,209.6354800949685,210.71657632708266,209.15398098012895,1070390,208.02499952564818,204.84623750389696,193.481599685354,4.979814909722904,-0.5034104933884871,58.69606716369161,32737966,3.9342576712715243,57.29337455159128
2024-11-27,208.27031411444304,210.76586526702238,209.7739509343729,207.2984914242703,1707689,208.06919997708178,205.72970617933464,194.01720726415314,4.648874316344006,-0.6674808694139083,51.10559175358972,31030277,3.781265510905434,43.24413848947125
2024-11-28,206.1369257551138,208.46573242676436,209.0636510323927,206.16788400575038,1253490,208.0674123962292,206.49013971521572,194.53478896791137,4.24642084579375,-0.8559474719713318,49.392641276797306,29776787,3.6373631497903642,34.68350258278184
2024-11-29,207.49136443073317,206.04308682924372,205.6681943578852,207.82707950361973,1567376,208.18516953728627,206.93325987692478,194.97074781496337,4.015073512904451,-0.8698358438885059,49.05383228330503,31344163,3.426170615682334,47.24645619746075
2024-12-02,208.0123904476502,205.9895712579497,205.3709475897319,206.66634624018548,1247940,207.69392163866524,207.24625432439285,195.35246530283612,3.6954685500203084,-0.9515526454181185,49.23014084346021,30096223,3.3997697529879867,38.45771601207264
2024-12-03,209.5545029577825,209.44059226041782,207.36688568243162,207.3992634193494,1365340,207.61941849647891,207.467338066801,195.7771274365488,3.461418527294853,-0.9484821345148591,51.12210938878912,31461563,3.2595339097258806,44.00715520538152
2024-12-04,208.46266438357083,210.48456511912713,207.45331969460634,207.79040709915705,1433027,207.4167776841985,207.59757881685027,196.24644814378007,3.2698019822120443,-0.9120789436781349,53.3561657949031,32894590,2.9646890740199905,34.151733536331996
2024-12-05,206.1643519008441,210.23220823371915,205.36626532088442,206.7872064039454,1508041,207.4063599766348,207.59752040700832,196.67040594049737,3.0023849528885194,-0.9435967784013282,50.28164446033432,31386549,3.1674096946976027,20.061495783622544
2024-12-06,210.9569515485868,214.80411315320677,210.70422072461326,211.37509458259606,1317623,207.9191174600941,207.84338333056297,197.18906001220074,3.124640354958899,-0.6570731010647588,49.577392130204906,32704172,3.158277460079814,65.80000431720511
2024-12-09,211.65448524747478,213.76388740673627,214.62403898723974,212.9429326272321,1216464,208.3408686286235,208.0767412343001,197.70451082503314,3.3098857663530055,-0.3774621517365224,60.789618787915245,33920636,3.1152957662992367,81.437147497892
2024-12-10,209.2934648761709,210.9179586984192,206.36664701336827,209.19264745391686,1742729,208.34473527600227,208.18486740082523,198.12002642941633,3.118133516253721,-0.45537152146864557,48.71649936303161,32177907,3.5536535301301706,44.03293574006892
2024-12-11,208.23596309747938,213.4630330913433,208.2573037421161,209.86555608345571,1510736,208.60144174192084,208.33532085950128,198.5459133628965,2.9860453076632893,-0.4699677840472618,56.74032461523333,33688643,3.5655575247943045,47.67284705695623
2024-12-12,209.39384680922842,209.23536623004705,207.31018619429125,208.84198315391893,1806395,208.86885165673766,208.4681320264834,198.9792005865087,2.7668758472073023,-0.5513097956025992,55.780312525553185,31882248,3.4742140328104227,36.82744090375154
2024-12-13,212.85242386915132,212.6063021973916,208.17172441679463,210.84684982351138,1317267,209.17082868872686,208.67799911300654,199.5071790325002,2.7235629176755936,-0.4756981801074467,54.82818717746265,33199515,3.5062375186796992,58.07027830918482
2024-12-16,210.27939992643903,209.90804678728668,210.18909905876535,209.561808346646,1650199,209.46037489937288,208.57714826901906,200.02131724703705,2.5560801010256,-0.5145447974059523,50.8933517037099,31549316,3.431069493756845,44.45444661009309
2024-12-17,209.16318774351726,209.53043923478134,206.2048725882605,209.6323354637122,1888900,209.6836821038092,208.65155030014404,200.49661005214227,2.401358346880272,-0.5354132412410246,55.54601592425837,33438216,3.5557160274348485,45.20172626875285
2024-12-18,211.4692474343049,212.03908025824472,210.2223957255576,210.9423100216731,1223777,209.9988723960608,208.70782504012965,200.98353859864153,2.357271087180635,-0.4636004007525294,61.24977628026206,34661993,3.6015435407498586,59.081739818818434
2024-12-19,214.5943538551792,212.59873350733415,210.19662264935158,212.97382041001333,1859909,210.61753379666757,209.01194688665117,201.5549269040561,2.457924107429619,-0.2903579044028364,61.91794100287476,36521902,3.7374307700439573,80.60688436907057
2024-12-20,212.44372223116292,211.61139565036228,208.4043295289265,210.8732275959018,1800820,210.56734709799815,209.2432322790461,202.0713761161543,2.341204122653636,-0.3256623113430557,59.33523741627933,34721082,3.888384981986744,58.34976758321275
2024-12-23,209.50046723265652,209.4343153951556,211.581828780225,210.5042251242199,1005569,210.3234763476969,209.33217248816018,202.55903258362977,2.193640357664748,-0.3785808610655552,57.00314027216261,33715513,3.7930039948805905,54.43995172012831
2024-12-24,210.36463089148032,210.47434572753323,207.84853369206974,209.854334501898,1594124,210.38964505249504,209.36719016424868,203.06304553610687,2.0011858441957315,-0.4568282996276576,54.601413933871854,32121389,3.7623175471929073,47.55394726372912
2024-12-25,208.68957454668035,210.74445662398227,207.19512669505718,208.84767603675056,1628861,210.28785704782453,209.44464939487267,203.53477631504316,1.7472936174011693,-0.568576421137776,54.592996883733555,30492528,3.6682737626279334,30.732986576315874
2024-12-26,213.48517776522647,212.50105744489917,211.6179612023241,212.67858451731277,1429802,210.6715171841639,209.7701844204508,204.0747969148529,1.8340625650297682,-0.38544597880734166,53.0070944664898,31922330,3.356593381119879,85.64227064655566
2024-12-27,214.17216189305142,214.8071314442965,212.97729143930542,213.78854793923466,1258090,210.96568699573623,210.0682578422315,204.6767355950143,1.9696870270000488,-0.1998572134696488,51.99289952531148,33180420,3.276564989858453,88.15911585423736
2024-12-30,209.19705862108015,212.84546521780712,210.73856653000016,211.5667800305646,1667375,211.1661841641281,210.3132795317505,205.21392742258828,1.8762638859489584,-0.23462428361659127,56.02963919421741,31513045,3.0246861180992153,62.33138913904883
2024-12-31,213.3544908383773,215.6075737083168,211.07712507338616,213.70250392467415,1045002,211.5732010102243,210.62844155701674,205.7654023469898,1.9520583295449967,-0.12706387201644276,59.07079811757494,32558047,2.9764517813637474,79.73912220203322
2025-01-01,218.4453746815957,218.97965663608898,216.0909952911164,218.24681631869942,1771954,212.30365163992693,211.15126201799384,206.3584414695448,2.3517050124607977,0.2180662487194862,69.06070285145844,34330001,3.1708648400959163,94.2633839081285
2025-01-02,219.17738187264285,223.7834795235373,219.55078913927036,220.6117468398017,1661614,213.06744428290577,211.84248903978664,206.95062712044043,2.8266738795344395,0.5544280926345024,69.50575936064891,35991615,3.2495852275416945,81.95685986145718
2025-01-03,218.45402891775967,214.67116918498985,219.85687920083643,217.87300690789368,1934648,213.7674222141049,212.16738465605152,207.5371447474162,2.9481126967244506,0.5406935278596108,65.690682483882,34056967,3.6068548431550624,66.37689984533152
2025-01-06,215.68052352043415,224.08004445649672,215.21565193399394,217.20453876216118,1679574,214.43745357789908,212.380464962798,208.14180601307396,2.9563352490317243,0.4391328641335073,63.979911258405764,32377393,4.000244612020585,59.28019436353259
2025-01-07,219.23992201311736,219.29609353245937,217.59113382217885,220.0383610605344,1498870,215.45585623376274,212.9227506431289,208.77654231401075,3.155146887900173,0.5103556024015647,65.89868952144649,33876263,3.9777310388609886,76.06335160724093
2025-01-08,220.26433404899697,220.729802176005,213.3222019584029,218.92302212929684,1211791,216.46339084301735,213.37562394542093,209.36242039828642,3.18598199634053,0.4329525686735374,60.74246272249149,32664472,4.335265993119527,69.45781791737778
2025-01-09,219.22688319672503,219.23372516517762,216.95979485937923,220.1106609855893,1202846,217.20659848984502,213.93905783700444,209.94544935223558,3.2685734915311855,0.41243525109135426,67.24871342341066,33867318,4.171297380598923,76.4915439507062
2025-01-10,222.53389605164963,224.24846541146655,224.7582818682789,221.95992909244796,1661450,218.02373660516633,214.49471180045128,210.40535440869579,3.4435531901162335,0.469931959741122,70.27024953535174,35528768,4.400490857880596,86.58012746315492
2025-01-13,218.6524944313831,221.95920645448166,219.2492093512545,220.4060681492918,1666997,218.90766541703906,215.03692479058358,210.80534662586513,3.4174480560480163,0.355061460538324,68.09195168343237,33861771,4.40442145138369,77.46835780328777
2025-01-14,222.66833209393334,220.28559036247805,215.96426737983825,220.5870174371682,1677775,219.59611676828845,215.58465888925633,211.15753520318478,3.3724847397163273,0.24807851536530778,70.71475952634273,35539546,4.468169368564294,72.89803568166369
2025-01-15,214.0999291185428,217.55065744785068,212.15738504322678,214.40448275703005,1024071,219.2118834121215,215.75776752602422,211.34191301636193,2.805630546001396,-0.255020542679699,52.81207069091599,34515475,4.80933015326378,27.13503823525279
2025-01-16,212.7510282813092,213.32778571515766,210.99840315361507,212.6557074743615,1582531,218.41627947557748,215.74186187924164,211.45925967383351,2.1900375734363706,-0.6964908121957798,48.19186022081713,32932944,4.900582487294585,14.19063873965313
2025-01-17,212.62960796812413,214.5450030476892,209.6501138537447,212.45057117157518,1912259,217.87403590194563,215.82072905802528,211.57911437503495,1.6664135442991892,-0.9760918730663692,51.50768716519495,31020685,5.03236161477387,19.18338044372664
2025-01-20,210.86257167197684,209.42068519725342,210.4997611976271,210.2550048076455,1894647,217.17908250649407,215.80826804219654,211.61869898013802,1.062031434954548,-1.2643791859288087,44.13078589916044,29126038,4.925178567587521,4.143556561910806
2025-01-21,212.30064743252257,214.7580521443656,211.86364742225382,213.81982741550874,1172312,216.5572291419915,216.00654268787713,211.75449304597996,0.8607830794291544,-1.172502033163362,42.203219526335886,30298350,4.869885326537897,28.562906882170918
2025-01-22,211.25420818875082,216.26635919395167,210.7604807375713,211.25954465958748,1257218,215.79088139502056,216.12713611901896,211.84255420097304,0.4890612923836102,-1.2353790561671252,33.64153352243113,29041132,4.86768641593379,11.0247434409227
2025-01-23,210.02068686041216,213.60538674442176,209.71870265781445,210.6794556861935,1214879,214.847760865081,216.02717967746304,211.93242811841134,0.145978022121227,-1.2627698611436067,36.389539555304495,27826253,4.720979732490609,7.051082640247371
2025-01-24,209.55137961468742,212.8561783516678,208.5840278093755,211.2409368407657,1363714,213.77586163991276,215.89979912253952,212.02425669336571,-0.07969245959560567,-1.1907522742883514,38.670782396792866,29189967,4.392962448189861,16.961407098557608
2025-01-27,215.41060561902663,214.52564176367832,215.2769096238823,214.42348341889792,1426650,213.1776031668734,216.0426342919562,212.0811498572157,-0.0017132813792386514,-0.8902184768575876,39.47274557344019,30616617,4.531849449105461,37.27842491289253
2025-01-28,211.49958613293944,212.98675618828904,208.27579416893516,211.85175911653903,1331868,212.30407733481047,215.95009705154948,212.15529914272224,-0.14575075525681314,-0.8274047605881297,37.42872100291669,29284749,4.441855808559794,22.388020721805933
2025-01-29,214.72060704646148,215.8732186011937,214.32371054302004,214.47808662084896,1901791,212.31143772119236,215.76166056665693,212.2485245707,-0.04743204350361907,-0.5832688390679486,40.47372583296673,31186540,4.5666793213352435,38.83065241710212
2025-01-30,214.9783981616162,216.69700961272764,213.27722707658734,214.79855274288815,1862129,212.52572224804504,215.47100086181126,212.4066679559661,0.05570307137739405,-0.38410697934954835,37.22759403104593,33048669,4.478976582296007,47.66909333604483
2025-01-31,212.80068316841613,211.9822144244369,214.9365513613421,213.13553544079224,1553020,212.59421867496673,215.2341272884562,212.54442826982188,0.003209794591299442,-0.3492802049085144,37.083205559038895,31495649,4.4865207663858495,40.464810505859674
2025-02-03,216.3347697429496,216.69655831120352,211.920067807576,214.3597423893188,1645753,213.00469243313404,215.09188746981403,212.6571146987695,0.05970353893377478,-0.23422916845283126,39.33209992125079,33141402,4.510427175969704,65.59609600083517
2025-02-04,215.01059712783672,213.8786755838764,211.16485390857255,215.05786178046571,1928818,213.12849586962975,214.84286250581061,212.77519231477626,0.15897507309492198,-0.10796610743334722,51.37828775716046,35070220,4.1365168964557615,80.5354958176472
2025-02-05,212.59947570847146,218.41967973071186,214.1867111245844,214.15742802614812,1417170,213.41828420628582,214.6045828006532,212.91237104681377,0.1631107610750746,-0.08306433556255571,53.28543379041726,33653050,4.19558039664951,57.98206043821727
2025-02-06,214.19665083594484,214.05377555129442,215.81747896914737,214.59703219612817,1057108,213.8100418572793,214.32890136118013,213.08095401062135,0.1995602992793124,-0.037291837886654355,54.6482957712677,34710158,3.9645205215819925,62.31574665049594
2025-02-07,214.6261426225168,215.71966164175703,212.57043887291925,214.12640500240468,1480721,214.0985886734432,213.93722515667795,213.2069405205971,0.18830052829579813,-0.038841287096134935,59.06067615287645,33229437,3.9730445783331367,57.676230649873226
2025-02-10,215.18603480227773,217.6637248394632,210.7438184029237,214.65343969290717,1111195,214.1215843008441,213.64959373385872,213.36668238965146,0.21937554880986454,-0.006213013265654821,52.274402608390524,34340632,4.14567737117738,62.87182051820154
2025-02-11,215.18992010668745,216.77294095502032,218.17741417291103,216.27770104194923,1889513,214.56417849338513,213.4341279140978,213.5442511421035,0.37079277450584414,0.1161633699442598,64.42833191951703,36230145,4.004112801436201,78.88404127079419
2025-02-12,220.67921718158473,221.43093471243967,220.96235103669665,219.74973467423996,1036668,215.0913432987242,213.70139050995832,213.78343769360515,0.7621702892423912,0.40603270774464545,72.36054334542543,37266813,4.094580628856424,87.22020465961637
2025-02-13,215.8112367477152,221.44446677496634,217.48248279320927,217.57410367658625,1285205,215.36889839209402,213.94731032006953,213.99917563905797,0.8865647834340109,0.42434176154901215,64.46190400564738,35981608,4.072425874532478,70.60931489323008
2025-02-14,223.2843056285152,224.2689764016853,222.78085807496018,222.1401704258988,1341396,216.2693618906047,214.4317902827857,214.214477155924,1.3381661958263464,0.7007545391530781,66.57395788766493,37323004,4.2623472989597975,86.68929081901385
2025-02-17,217.21664693771635,220.24709608620248,219.17036576007175,218.53599482685377,1564037,216.6869871343582,214.84583978374613,214.32633839991647,1.3892226256022298,0.6014487751431692,63.7467797933479,35758967,4.0353555429501045,57.61246134532061
2025-02-18,218.3061794177739,216.16285384714166,221.72066589211016,218.5324246367826,1130560,217.03444341998988,215.0814696448098,214.51313394357376,1.4131077035622468,0.5002670824825489,59.34642358863777,34628407,3.975584941564512,57.586064684582894
2025-02-19,221.07362772777844,219.1416145442713,217.83094515494003,220.00905904975176,1366824,217.61960652235024,215.518945364318,214.7160040028997,1.5335114904223417,0.49653669547411505,61.403833055276614,35995231,3.824934002506725,68.50375165803166
2025-02-20,220.99064845410888,223.96488304052184,219.19360177948255,220.87104278522182,1147979,218.2470075812596,216.02852471926946,214.95658519552578,1.6791312625533692,0.513725174084114,67.54530256248799,37143210,3.964572784120157,74.87693957605072
2025-02-21,220.7423422632942,222.0655443562634,222.32334214518792,219.92564374558063,1149849,218.82693145557718,216.46276006451018,215.13816107396713,1.6986689810031237,0.4266103140270947,62.7860195812256,35993361,3.727130559572913,67.88700984859207
2025-02-24,220.428061204576,222.25233179243622,215.8950077249536,219.80939924486609,1748589,219.34252741077307,216.73205585580862,215.34311289193153,1.6853451936232773,0.3306292213177986,61.215079150373484,34244772,3.95301881576837,67.02754114053567
2025-02-25,220.409665988953,221.39419123997823,214.76121274568746,219.12339737554842,1051745,219.627097044133,217.09563776875908,215.5329341301683,1.6009763199912186,0.1970082781485918,61.84106498462668,33193027,4.124448093494321,61.955497846250495
2025-02-26,219.3068777125737,221.82418091841075,218.74647896122022,218.24466786166,1370608,219.47659036287502,217.28396683079959,215.678981286968,1.4465325253540584,0.03405158680914533,58.519171823045426,31822419,4.225708880222269,55.458497855796494
2025-02-27,219.79012774716563,220.7210722057918,216.91077487374807,220.24387205570207,1091865,219.74356720078657,217.55623279644027,215.82438231988178,1.4685255276518774,0.04483567128557153,63.335385862113576,32914284,4.2729284918798385,70.23987190129843
2025-02-28,221.89084466142563,222.49890294521074,221.40389863761405,221.25790302763215,1898860,219.65534046095996,217.96235117578235,216.03207582851638,1.5499125382938814,0.10097814554206042,64.09766199240858,34813144,3.9397230956633496,68.33037207278856
2025-03-03,218.6455319754131,219.11473517085267,218.80985081668874,220.17208383711085,1212890,219.81894936198563,218.25296824817192,216.22543300277422,1.509396414187819,0.04836961714879817,58.50839744200639,33600254,3.8628715050161753,56.91002939487259
2025-03-04,222.21337868063955,220.71523842110457,222.94280785801917,222.27128358797734,1023624,220.19283525710512,218.6136393385475,216.47377198449578,1.6279094433568844,0.13350611705429083,55.86060788826906,34623878,3.692692244331738,78.9888254905479
2025-03-05,224.0043673643691,220.89840119855447,217.757379582806,223.18588262973057,1023321,220.51051761510297,219.0650620687266,216.7605361163554,1.7751693248872584,0.224612798867732,63.855109356463245,35647199,3.732115103147042,88.6083225126081
2025-03-06,225.24545452165452,224.34127986940882,224.7036413220683,225.1116068674085,1403704,220.9345740233217,219.59079080229063,217.00919656335734,2.023933053594618,0.3787012220600734,58.43615656921869,37050903,3.3623212436640904,108.04093528835794
2025-03-07,227.11750428277279,230.77598818223498,225.41796650560877,226.6708645512557,1809006,221.60909610388916,220.21801377973316,217.26684289559773,2.3201538750415125,0.539937634805574,76.12958222324104,38859909,3.5547910043069066,74.36664880351101
2025-03-10,225.09960215344577,223.2074203937795,225.68874930433924,225.31287452941157,1922744,222.1594436323437,220.75098552155842,217.54176478557466,2.417465526853789,0.5097994292942802,70.0358215752563,36937165,3.574703368036893,65.8870417854504
2025-03-11,225.62158188655278,224.88544047786323,219.76988125454483,224.49251244901762,1174293,222.69635513969064,221.16172609191182,217.75756495606154,2.40071539548606,0.39443943834124084,63.78290370890922,35762872,3.877012217003712,60.764509261380226
2025-03-12,226.20668388555515,224.70080901197184,221.51387036708533,226.28709965926416,1927982,223.50059831945106,221.48859434116304,217.91837062287283,2.5033914472775507,0.397692392106185,65.74696119410876,37690854,3.763844887278513,71.97033114353464
2025-03-13,227.34239000772703,227.60589226412438,223.5459818276052,227.8078401901311,1783415,224.25699513289396,222.0002811668403,218.06229248987944,2.6766196048782263,0.4567364397654883,72.17527220570592,39474269,3.9501028213180183,81.46619036986154
2025-03-14,228.95255441477184,229.40542458690683,225.15315630550754,228.0660370022028,1186717,224.937808530351,222.29657449565548,218.2661530917656,2.8024337805439927,0.46604049234500344,73.04463969804567,40660986,3.7997416937406365,83.07843159731246
2025-03-17,227.1955318464559,228.20046002241034,228.85027086268846,228.60069176882035,1936766,225.78066932352198,222.7998093427538,218.49407615189878,2.9117200957895477,0.46026144607244657,76.67692154649828,42597752,3.3819742198974154,84.31112190619436
2025-03-18,231.95705490391455,234.63535129043012,228.80032136847237,231.4560215603972,1380975,226.69914312076398,223.44598918893453,218.72242936189608,3.1919368777654142,0.5923825824386504,83.46392336822437,43978727,3.5931854744987897,82.06259119941174
2025-03-19,229.53039390849838,234.64083502442466,229.58696438057498,230.57287878272552,1183868,227.43784273606343,223.97418017558326,218.9554264949646,3.30465445542211,0.5640801280762764,77.73090961708564,42794859,3.6820121396277847,75.90566542633566
2025-03-20,233.24500037430377,228.46888208895373,228.34225630158033,231.9670735450656,1659792,228.1233894038292,224.52898171357543,219.19255474615412,3.4665238838535117,0.5807596452061423,78.17639433069152,44454651,3.680268681887536,84.1634226559565
2025-03-21,231.60166098695103,231.49670357949557,228.6308841334671,231.86268824019783,1095257,228.6425717727234,225.12583393830627,219.39060992910916,3.5455130825627066,0.5277990751322692,82.4336027138678,43359394,3.743707053362899,83.54515286379973
2025-03-24,231.86231055456307,232.84561007828822,232.02585698989523,231.72732583374338,1588579,229.28401690315656,225.72173026775013,219.61703508279817,3.556196358728073,0.43078588103810844,79.44243258226454,41770815,3.6160068974473325,82.74340699535168
2025-03-25,234.63744993436188,237.4771135897485,231.32922793204332,234.22487953771775,1210176,230.25725361202657,226.4768043758586,219.88979232480918,3.723275045969814,0.4782916546238791,81.2870450130772,42980991,3.732719872628323,81.63330106893666
2025-03-26,234.24602763937966,236.2672236853873,233.81164333560596,236.17571223569382,1190471,231.2461148696695,227.3733565945603,220.32521691438242,3.9673686481091863,0.5779082054106013,81.31364060805791,44171462,3.799707133874295,92.65045304981186
2025-03-27,237.45214666613822,239.06286071720345,242.64985723352197,238.10273150769507,1914032,232.27560400142593,228.26629956715996,220.83415739504912,4.2671202310491765,0.7021278306804728,81.69469811145659,46085494,3.857547396945843,95.02342698613917
2025-03-28,242.0572350312903,239.70020067189984,238.41181584274483,241.01368912200374,1472930,233.57036921340605,229.2540888718785,221.40541975405765,4.685553329581808,0.8964487433704829,90.0790276125073,47558424,3.724263468855026,106.59040340798623
2025-03-31,242.22346182944014,239.29010510074457,241.21928838254965,241.35569680526925,1836860,234.84586971705093,230.31326952028644,222.02743359401015,4.987271574338422,0.9585335905016779,94.12375038349548,49395284,3.451448522168771,109.10296967899646
2025-04-01,243.30263495325443,246.91037212702508,243.79168765652256,243.0196027478592,1743091,236.0022278357971,231.35068547828055,222.61142910065715,5.29955874642738,1.0166566100725083,94.08328751837601,51138375,3.62057257051658,83.34743886185431
2025-04-02,241.34960566324673,240.0509294868864,243.38559044325976,242.69906923467227,1518862,237.21484688099181,232.32634480852767,223.24021959215884,5.458264726397516,0.9402900720341156,91.88087659270637,49619513,3.5426270579775547,80.64410939846492
2025-04-03,244.23290540050775,249.3046399564923,242.91788773091324,243.64740193964917,1917806,238.38287972045015,233.25313456213962,223.89957851722795,5.596055043564377,0.8624643113607808,92.18427890324438,51537319,3.7107200894361796,73.01242974093972
2025-04-04,244.40051542111925,246.13741862967728,241.72699667074042,243.6871158309138,1475774,239.56532247952174,234.10394712612256,224.5485020970309,5.643405772914861,0.727852032569011,91.9690526593069,53013093,3.9697335250398362,73.20188286763755
2025-04-07,244.228124974023,246.54105391193275,245.9120318052836,244.18110776089924,1917559,240.81070067223737,235.04735878769694,225.14365458387095,5.655598369836042,0.5920357035921535,90.75435499570082,54930652,3.7425391364262066,75.55844659682818
2025-04-08,246.89459276236448,247.8223591467619,244.2917261393481,245.67142181177303,1635605,241.95535489964286,236.10630425583471,225.82004783777563,5.7195851621392535,0.5248179967162914,96.54554784921245,56566257,3.6416377608557053,82.6679150399581
2025-04-09,243.65154865517596,244.82960906930415,242.18146431291996,244.3349804453061,1139789,242.77128172060412,237.0086982951368,226.41718571426478,5.597926099386456,0.32252714717079467,88.26383712398085,55426468,3.7315902621205543,75.96150620270309
2025-04-10,248.30989741917705,250.60392405607877,244.09614342933776,248.81975499667703,1389593,243.84298406950228,238.05929403546412,227.09760975934057,5.796574933528348,0.41694078505014964,91.2746574391774,56816061,3.9581324917735907,90.7434646547974
2025-04-11,244.6231086545918,247.72992685810866,248.26110057212787,247.1077202336776,1815131,244.45238718066966,239.01137819703786,227.77705345519828,5.749581076807345,0.2959575426633174,84.76830344859252,55000930,3.9657686560934473,81.86117280447598
2025-04-14,245.8991705182498,247.08548956098312,244.67856738165776,244.97934300810215,1073686,244.81475180095293,239.8303107590019,228.38944546757392,5.477455158797085,0.01906529972244453,74.72377156767266,53927244,3.7001448842587803,66.50496057322788
2025-04-15,247.90942671857243,248.52819170128487,246.07223880970932,247.5955647551023,1067661,245.27234800167724,240.63728791873717,229.04019952706668,5.410531400472252,-0.03828676688191113,75.47410866439739,54994905,3.7782354802160216,75.32535597341256
2025-04-16,247.7970698178949,248.57819377682466,246.18407148264492,249.47889014302814,1568535,245.95033009251284,241.58258848675231,229.74662876940428,5.446676562069655,-0.0017132842276064153,75.42620581285848,56563440,3.486805287098278,90.77244153869769
2025-04-17,249.26853077713832,250.28598454460897,250.6355775394761,251.02712977713247,1245121,246.6883028762612,242.53559129835565,230.47523072102433,5.536431328297425,0.07043318560013123,73.83220307972977,57808561,3.4553208751156483,104.50955940940175
2025-04-18,251.71119016829,251.615276045076,249.18653805167892,252.583820795661,1672108,247.57797337273593,243.57164792612883,231.24437903688948,5.6678392596884635,0.16147289359293548,75.26251100852758,59480669,3.5056890159826417,109.79487647870071
2025-04-21,253.65298519194752,255.8011287138358,255.7340518829201,252.85932724996718,1367257,248.44579532164272,244.62824799694,232.00849678803067,5.728181153746419,0.1774518301207122,73.61401836710017,60847926,3.3387342014411376,79.09781253394
2025-04-22,251.06445801890686,251.1299252820773,252.87151489323927,251.3648185069955,1266765,249.0151349911649,245.48524494540393,232.7102391373316,5.590959078098962,0.03218380357860351,69.68730195048002,59581161,3.250214823363785,68.47897836075299
2025-04-23,251.01164070672266,248.99222130121328,250.11913893471456,251.816427623383,1146106,249.76327970897265,246.26728071478837,233.35157299631447,5.455760069960519,-0.08241216364787185,68.98735739788219,60727267,2.947859572218227,71.68776676066744
2025-04-24,249.75598830727526,252.55578153205636,252.5837531965345,250.76210420035875,1258930,249.95751462934078,246.90024934942153,234.01533300678992,5.203555444995857,-0.2676934308900272,65.70379887357564,59468337,2.687638401804987,63.00184523534808
2025-04-25,251.96143170936605,257.0413787923734,254.36128472072767,253.01234366719424,1922630,250.54797697269245,247.50018207668109,234.63277647161584,5.126165733959169,-0.27606651354137224,68.18428290253249,61390967,2.9323052954475366,72.88655240412028
2025-04-28,251.08455060308242,255.56439528254504,253.07378263268185,253.01822890418998,1660482,251.35186556230124,248.0833086816271,235.32242115316254,5.007584403944833,-0.31571827484456705,66.11270652980394,63051449,2.854505311839546,72.92615718787509
2025-04-29,250.45983867895856,251.4605873801615,249.12435652677328,251.66723451060494,1804462,251.75903253785154,248.5156902697644,235.98511735063897,4.749840682035682,-0.4587695974029744,66.07053095671833,61246987,2.8833563745940904,58.48554212375306
2025-04-30,250.25388474762178,249.15083939610878,254.11639250991354,251.32446282729896,1869270,251.94358980627857,248.94695994939576,236.61142542618992,4.466431868970943,-0.5937427283741705,56.707579306399296,59377717,2.5982574094337445,53.75715300389344
2025-05-01,253.13294897230736,253.1817895291352,251.10972901152542,252.4503257358502,1871149,252.08590940215035,249.38710613920574,237.24301108520248,4.2833008443861615,-0.6214990023671625,64.77118198068263,61248866,2.668416865079558,62.86400476396638
2025-05-02,251.45715357709565,252.30442887404885,248.55694873593666,251.62287663024227,1448874,251.98981498560852,249.7838941791722,237.87695574289575,4.025002240125815,-0.7038380853020074,69.79170855155968,59799992,2.7730043042148225,50.60230637320093
2025-05-05,249.45285099609194,249.34003661848186,249.66832625596732,250.2784358391094,1562926,251.7317258445227,250.08876058308275,238.4863364747806,3.6695137293457094,-0.8474612768656904,58.647812877335525,58237066,2.6825751126846575,37.71067944992029
2025-05-06,253.37553301749944,253.1678848665783,250.80347072127833,251.06581026209324,1853499,251.70182502003254,250.35848000559872,239.12518473251149,3.411989764848954,-0.8839881930899569,55.50406322186398,60090565,2.7179555936338846,29.57018337670454
2025-05-07,251.191846490764,256.5489964059716,250.05220083919352,251.85574340431066,1118033,251.70575659812525,250.73451815354892,239.7974062433645,3.2343575103933233,-0.8492963580364705,53.03352794309068,61208598,3.0993918915146077,38.88056883527917
2025-05-08,252.30895996795203,252.58642248848497,250.5260791590113,251.1418570535684,1630265,251.74373188344626,250.8506232563935,240.41536594332186,3.0013799666963337,-0.8658191213867683,44.37382785718273,59578333,3.073077986948651,30.466493334701912
2025-05-09,252.1208890001195,251.82073285632947,246.71878087985027,250.49978044233177,1613157,251.49247556096003,251.02022626682623,241.00020349161582,2.7334241561604813,-0.9070199455380967,41.04968059687964,57965176,3.2076954196846805,36.62837199048973
2025-05-12,249.6939199793897,250.3894242193794,252.4867063413159,251.26388031704704,1629474,251.3170407022457,251.3344531322735,241.62203942121454,2.5532909708899183,-0.8697225046469281,49.594656504172285,59594650,3.2260899861914134,44.03057714456518
2025-05-13,248.74167459812597,252.46254104017316,247.77099994438257,248.6677116340524,1821106,251.0170884145904,251.38806047622097,242.14996798213605,2.17596187414685,-0.9976412811119975,39.21340589340673,57773544,3.3917288354777253,18.880235098935152
2025-05-14,245.63525043439105,247.00249575167925,244.74141133537793,246.1527840852993,1166926,250.4999205403905,251.22175517333454,242.60930601124744,1.6549153770926637,-1.2149502225329476,35.64621174748413,56606618,3.6173698873007942,11.47460556181109
2025-05-15,244.41697124623508,244.85796913240608,244.77280374648734,245.01589564279442,1570559,249.75647753108493,250.9211934666176,243.00739178675514,1.1371366745615887,-1.3861831400512181,23.24306733990383,55036059,3.267420297786316,2.3246439113115422
2025-05-16,245.44437815617763,246.01637812667397,249.63156666528565,244.88900133937074,1860120,249.08309000199773,250.5364524938031,243.37175452251745,0.7083881549314981,-1.4519453277450474,23.01728415491077,53175939,3.414821684010633,1.2499592686430927
2025-05-19,245.18794597414347,247.75473913705997,245.13262628666513,245.81081647056675,1431734,248.63632806514346,250.1840269548331,243.78171336134056,0.4379363832947263,-1.3779176795054553,29.991176900528217,54607673,3.3413834997443854,9.056933562580285
2025-05-20,248.56555985813935,250.33995972175563,246.2611749306409,249.06152890446583,1373220,248.43589992938072,250.0688624747066,244.27309369044954,0.4803693331975296,-1.0683877836821218,43.550149359067014,55980893,3.4851512237938658,36.58764720524425
2025-05-21,250.90873325524458,254.48915494221106,248.52062977861783,251.07684815086986,1665627,248.35801040403666,250.03188350108093,244.76888866028162,0.6689064351627678,-0.7038805453735071,46.274200752448074,57646520,3.7634701270783983,53.65565251162234
2025-05-22,250.68357182256645,252.82491419603676,249.34741412660262,251.05697109094302,1221897,248.3495218077741,250.04662684561018,245.23387127829784,0.8074121890711297,-0.4522998331721162,48.39454080147872,56424623,3.733764632044154,53.48731106154594
2025-05-23,250.14536846812553,251.75105505337257,252.51466339183608,251.31893867513764,1001062,248.43143763105468,249.96195659600735,245.6989293117566,0.9276245136465491,-0.2656700068773574,53.14504456131899,57425685,3.6748255098393434,55.70594918804178
